Dia	Visitas
2024-04-13	500
2024-10-03	499
2024-12-04	499
2024-05-03	498
2024-06-18	498
2024-08-17	498
2024-09-15	498
2024-10-20	498
2024-04-07	492
2024-10-30	492
2024-05-26	490
2024-08-18	490
2024-11-07	489
2024-08-19	488
2024-01-05	487
2024-12-12	487
2024-08-22	486
2024-02-29	485
2024-09-29	485
2024-02-07	484
2024-09-20	484
2024-12-19	484
2024-02-27	483
2024-09-09	483
2024-12-20	483
2024-08-20	481
2024-09-28	480
2024-10-24	479
2024-09-01	475
2024-01-20	473
2024-01-29	473
2024-06-19	473
2024-08-23	469
2024-01-22	467
2024-06-27	466
2024-09-24	466
2024-08-11	465
2024-06-04	464
2024-08-07	463
2024-05-20	461
2024-05-08	460
2024-07-22	460
2024-07-21	458
2024-11-20	458
2024-11-29	458
2024-11-30	456
2024-11-17	455
2024-12-26	454
2024-01-16	453
2024-04-14	452
2024-01-19	451
2024-08-24	451
2024-03-30	449
2024-10-22	449
2024-12-13	448
2024-01-13	447
2024-02-06	447
2024-03-05	446
2024-02-11	444
2024-12-08	444
2024-12-21	444
2024-11-12	439
2024-06-11	438
2024-05-19	437
2024-10-09	437
2024-02-03	433
2024-11-01	433
2024-11-23	431
2024-01-17	426
2024-06-15	425
2024-06-17	425
2024-06-20	425
2024-06-23	425
2024-07-07	420
2024-07-18	418
2024-09-14	415
2024-11-26	415
2024-06-09	413
2024-11-16	411
2024-12-15	411
2024-06-06	410
2024-10-16	409
2024-04-02	408
2024-05-13	408
2024-07-10	408
2024-05-02	406
2024-12-11	406
2024-01-31	404
2024-07-26	404
2024-11-14	404
2024-02-21	403
2024-04-10	402
2024-09-04	399
2024-06-05	395
2024-03-08	393
2024-03-07	390
2024-05-22	389
2024-07-11	388
2024-01-03	386
2024-08-21	386
2024-02-02	385
2024-07-31	383
2024-01-26	380
2024-12-23	379
2024-02-19	378
2024-08-30	378
2024-01-01	376
2024-05-29	375
2024-03-10	370
2024-05-18	370
2024-09-02	368
2024-03-23	366
2024-03-18	364
2024-05-10	364
2024-07-17	364
2024-08-28	364
2024-01-07	363
2024-01-28	362
2024-02-09	361
2024-02-28	360
2024-05-27	359
2024-05-28	358
2024-12-05	358
2024-01-10	355
2024-04-04	355
2024-06-28	355
2024-10-23	354
2024-04-17	351
2024-09-17	351
2024-01-15	349
2024-01-27	345
2024-08-27	345
2024-10-07	345
2024-02-18	341
2024-04-29	341
2024-02-22	340
2024-04-25	340
2024-08-13	340
2024-02-24	336
2024-04-23	335
2024-01-14	333
2024-01-25	333
2024-06-03	332
2024-09-27	332
2024-11-11	330
2024-08-05	329
2024-12-02	329
2024-10-19	322
2024-10-17	320
2024-03-01	319
2024-03-06	319
2024-10-13	319
2024-06-29	318
2024-11-02	318
2024-04-05	315
2024-04-03	314
2024-07-01	313
2024-01-11	311
2024-09-25	311
2024-12-06	311
2024-04-21	307
2024-04-22	301
2024-10-11	301
2024-01-04	296
2024-06-07	292
2024-02-10	291
2024-03-16	290
2024-04-20	289
2024-12-07	289
2024-09-21	286
2024-06-16	282
2024-08-31	282
2024-07-02	280
2024-07-29	280
2024-05-30	279
2024-02-15	275
2024-05-14	275
2024-06-08	275
2024-07-05	275
2024-03-27	274
2024-06-01	274
2024-12-14	274
2024-03-17	270
2024-03-09	268
2024-01-09	267
2024-02-16	267
2024-11-05	264
2024-07-16	263
2024-10-08	262
2024-02-13	260
2024-04-15	259
2024-09-08	259
2024-08-04	257
2024-10-21	257
2024-09-12	256
2024-04-01	255
2024-07-28	255
2024-01-08	252
2024-02-14	252
2024-11-06	252
2024-03-24	250
2024-08-09	250
2024-10-10	250
2024-12-17	246
2024-04-09	242
2024-02-04	239
2024-08-10	238
2024-10-06	238
2024-02-17	237
2024-04-11	237
2024-07-30	237
2024-05-12	233
2024-11-09	232
2024-03-29	231
2024-11-18	230
2024-02-25	229
2024-05-01	227
2024-05-05	227
2024-11-13	227
2024-08-26	225
2024-07-03	223
2024-05-24	222
2024-07-06	222
2024-05-04	217
2024-07-27	217
2024-12-10	216
2024-03-25	214
2024-06-26	214
2024-07-14	214
2024-12-09	213
2024-05-31	211
2024-11-28	210
2024-04-30	209
2024-05-25	209
2024-08-12	209
2024-11-22	209
2024-04-18	207
2024-03-04	203
2024-06-25	203
2024-07-25	200
2024-01-24	197
2024-10-14	197
2024-01-23	196
2024-04-16	196
2024-10-05	194
2024-05-06	190
2024-12-22	190
2024-01-18	187
2024-08-08	187
2024-11-15	184
2024-09-10	183
2024-09-03	182
2024-07-23	181
2024-09-19	180
2024-11-10	180
2024-03-19	178
2024-03-22	177
2024-03-11	176
2024-06-21	175
2024-09-11	174
2024-02-26	173
2024-12-18	172
2024-10-31	170
2024-10-28	169
2024-01-12	167
2024-09-06	166
2024-05-21	165
2024-07-13	162
2024-04-24	161
2024-10-18	160
2024-11-21	159
2024-10-02	158
2024-02-05	156
2024-06-22	155
2024-03-13	150
2024-05-15	150
2024-01-02	147
2024-03-26	147
2024-12-03	146
2024-10-27	142
2024-12-16	142
2024-03-20	140
2024-05-07	140
2024-08-29	139
2024-12-31	138
2024-02-12	134
2024-05-23	133
2024-10-12	132
2024-10-29	132
2024-07-08	130
2024-06-10	129
2024-06-12	128
2024-08-06	127
2024-10-26	127
2024-08-03	126
2024-11-04	126
2024-02-20	125
2024-04-28	124
2024-05-17	122
2024-11-25	121
2024-03-02	120
2024-10-15	120
2024-10-25	120
2024-09-07	118
2024-01-21	116
2024-06-24	111
2024-11-24	110
2024-01-30	109
2024-09-16	109
2024-09-26	108
2024-04-12	107
2024-12-30	107
2024-11-03	106
2024-03-28	105
2024-07-12	105
2024-09-23	105
2024-04-06	104
2024-07-09	103
2024-09-05	103
2024-09-30	103
2024-12-25	101
2024-08-25	100
2024-12-24	100
2024-02-01	99
2024-08-15	99
2024-04-08	94
2024-04-27	93
2024-04-26	91
2024-05-09	91
2024-09-18	90
2024-07-15	89
2024-04-19	88
2024-03-12	86
2024-07-24	86
2024-12-27	86
2024-12-29	85
2024-06-14	82
2024-03-03	81
2024-11-08	81
2024-11-19	81
2024-09-13	80
2024-11-27	77
2024-03-31	75
2024-03-15	73
2024-12-28	73
2024-07-04	69
2024-10-04	69
2024-08-01	66
2024-08-14	66
2024-09-22	66
2024-06-30	64
2024-07-19	63
2024-07-20	63
2024-03-14	61
2024-06-02	60
2024-01-06	59
2024-05-11	59
2024-10-01	59
2024-06-13	57
2024-12-01	57
2024-02-08	55
2024-03-21	54
2024-02-23	52
2024-05-16	52
2024-08-02	52
2024-08-16	50
